pdbid,protein_rmsd,protein_rmsd_ca_allfit,ligand,policy,rmsd_locked_global,rmsd_locked_pocket,n_residues,n_ligand_atoms,n_pocket_residues
1FDQ,0.561,0.561,HXA,by-name,3.266,3.27,131,24,27
1FK1,0.226,0.226,DAO,by-name,1.465,1.449,93,14,17
1FK4,0.21,0.21,STE,by-name,1.007,1.016,93,20,25
1H6H,0.488,1.001,PIB,by-name,1.782,1.645,133,35,11
1HMS,0.224,0.224,OLA,by-name,0.967,0.967,131,20,26
1HMT,0.182,0.182,STE,by-name,0.518,0.524,131,20,26
1ICN,0.48,0.48,OLA,by-name,3.104,3.117,131,20,24
1IKT,0.386,0.386,OXN,by-name,0.998,1.03,115,25,20
1LFO,0.488,0.488,OLA,by-name,2.423,2.413,126,20,26
1LID,0.328,0.38,OLA,by-name,4.468,4.471,130,20,19
1LRI,0.333,0.333,CLR,by-name,0.755,0.773,98,28,24
1MID,0.339,0.339,LAP,fixed-rank,3.774,3.763,91,14,16
1MZM,0.174,0.174,PLM,by-name,1.843,1.823,93,18,23
1N83,0.47,0.87,CLR,by-name,0.738,0.736,239,28,23
1OCU,0.479,1.545,PIB,by-name,0.707,0.543,126,22,12
1PZ4,0.436,1.22,PLM,by-name,0.64,0.537,110,18,23
1S8G,0.55,0.64,DAO,by-name,1.546,1.513,119,14,18
1SX6,0.275,0.275,SPH,by-name,4.135,4.154,205,18,20
1TC8,0.287,0.287,TDA,by-name,0.42,0.469,118,15,13
2ALG,0.33,0.33,DAO,by-name,5.486,5.575,92,14,17
2B5S,0.236,0.236,DAO,by-name,5.594,5.541,92,14,19
2.00E+59,0.616,1.335,LP5,by-name,1.31,1.234,129,48,24
2IFB,0.46,0.46,PLM,by-name,2.758,2.819,131,18,22
2LKK,1.003,1.288,OLA,by-name,2.714,2.777,116,20,23
2OVD,0.533,1.236,DAO,by-name,0.839,0.795,157,14,17
2WUT,0.2,0.2,PLM,by-name,0.827,0.817,133,18,23
3GKI,0.572,0.62,CLR,by-name,0.576,0.55,223,28,23
3QLM,0.283,0.283,PLM,by-name,7.73,7.736,124,18,15
3RGQ,0.374,0.462,5P5,by-name,0.617,0.689,154,31,17
4INQ,0.5,0.798,PIF,by-name,1.179,1.093,357,43,30
4RC8,0.44,0.44,STE,by-name,1.26,1.207,222,20,28
4TKB,0.096,0.096,DAO,by-name,0.515,0.514,133,14,22
4TW3,0.264,0.264,STE,by-name,1.205,1.208,222,20,26
5B27,0.098,0.098,PLM,by-name,0.931,0.93,133,18,24
5C79,0.506,0.764,PBU,by-name,5.947,6.128,103,5,13
5NUA,0.389,0.831,DAO,by-name,1.643,1.592,169,14,23
5TCX,0.919,7.941,CLR,by-name,14.825,14.375,63,28,14
5UWZ,0.552,0.977,STE,by-name,1.392,1.394,208,20,25
5Y5C,0.393,0.725,HXA,by-name,3.464,3.431,156,24,18
6DGG,0.36,0.882,DAO,by-name,0.3,0.309,99,14,21
6LX7,0.336,1.545,STE,by-name,1.074,1.074,253,20,26
6MD0,0.314,0.34,OLA,by-name,1.432,1.427,254,20,22
7DEI,0.681,0.905,PIF,by-name,1.205,1.178,365,43,31
7.00E+25,0.458,2.032,PLM,by-name,1.762,1.701,136,18,24
7M6C,0.605,0.865,DAO,by-name,1.776,1.64,115,14,15
7RJI,0.666,0.925,STE,by-name,6.811,6.706,118,20,14
7W9A,0.441,0.501,DAO,by-name,1.444,1.462,89,14,16
7WKB,0.101,0.101,HXA,by-name,0.696,0.703,133,24,27
7Z6W,0.699,3.19,IG7,by-name,5.84,5.838,172,63,36
8IVL,0.482,0.727,CLR,by-name,4.252,4.174,131,28,23
,,,,,,,,,
average,0.41646,0.82436,,,2.4392,2.4166,147.9,22,21.42
median,0.4145,0.4945,,,1.438,1.438,131,20,23
